season,week,game_id,gameday,away,home,away_srs,home_srs,neutral,hfa_applied,pred_margin,home_win_prob,spread_line,edge,pred_winner,away_qb,home_qb,away_score,home_score,model_version,logged_at
2026,5,cfb_401871049,2026-10-02,WKU,NMSU,-11.223,-18.422,False,3.77,-3.429,0.4185,2.5,-5.929,WKU,,,,,cfb-srs-v1,2026-10-01T11:16:33
2026,5,cfb_401862786,2026-10-02,UNT,TLSA,4.992,-6.165,False,3.77,-7.387,0.3287,-1.5,-5.887,UNT,,,,,cfb-srs-v1,2026-10-01T11:16:33
2026,5,cfb_401858245,2026-10-02,PITT,VT,12.993,0.188,False,3.77,-9.035,0.2938,2.5,-11.535,PITT,,,,,cfb-srs-v1,2026-10-01T11:16:33
2026,5,cfb_401871050,2026-10-02,LIB,DEL,-6.066,-12.414,False,3.77,-2.578,0.4385,-6.5,3.922,LIB,,,,,cfb-srs-v1,2026-10-01T11:16:33
2026,5,cfb_401858476,2026-10-03,PSU,NU,16.809,10.163,False,3.77,-2.876,0.4315,-3.0,0.124,PSU,,,,,cfb-srs-v1,2026-10-01T11:16:33
2026,5,cfb_401858250,2026-10-03,ND,UNC,30.659,-3.619,False,3.77,-30.508,0.0335,-21.5,-9.008,ND,,,,,cfb-srs-v1,2026-10-01T11:16:33
2026,5,cfb_401856707,2026-10-03,ALA,MSST,21.137,9.403,False,3.77,-7.964,0.3163,-6.0,-1.964,ALA,,,,,cfb-srs-v1,2026-10-01T11:16:33
2026,5,cfb_401856819,2026-10-03,UCF,HOU,3.853,6.486,False,3.77,6.404,0.6496,11.5,-5.096,HOU,,,,,cfb-srs-v1,2026-10-01T11:16:33
2026,5,cfb_401858246,2026-10-03,BC,SMU,-5.038,4.713,False,3.77,13.521,0.7915,21.5,-7.979,SMU,,,,,cfb-srs-v1,2026-10-01T11:16:33
2026,5,cfb_401856807,2026-10-03,MTSU,KU,-13.126,-0.896,False,3.77,15.999,0.8316,19.5,-3.501,KU,,,,,cfb-srs-v1,2026-10-01T11:16:33
2026,5,cfb_401856822,2026-10-03,WVU,ISU,-0.531,12.529,False,3.77,16.829,0.8438,3.0,13.829,ISU,,,,,cfb-srs-v1,2026-10-01T11:16:33
2026,5,cfb_401858251,2026-10-03,STAN,WAKE,-6.953,4.014,False,3.77,14.738,0.8118,13.5,1.238,WAKE,,,,,cfb-srs-v1,2026-10-01T11:16:33
2026,5,cfb_401858252,2026-10-03,SYR,CONN,-4.787,-8.096,False,3.77,0.461,0.511,-6.5,6.961,CONN,,,,,cfb-srs-v1,2026-10-01T11:16:33
2026,5,cfb_401858474,2026-10-03,MICH,MINN,11.208,1.102,False,3.77,-6.336,0.3518,-5.5,-0.836,MICH,,,,,cfb-srs-v1,2026-10-01T11:16:33
2026,5,cfb_401862791,2026-10-03,NAVY,AFA,-3.857,-4.079,False,3.77,3.548,0.5843,-3.5,7.048,AFA,,,,,cfb-srs-v1,2026-10-01T11:16:33
2026,5,cfb_401858479,2026-10-03,MSU,WIS,9.01,10.727,False,3.77,5.487,0.6291,10.0,-4.513,WIS,,,,,cfb-srs-v1,2026-10-01T11:16:33
2026,5,cfb_401856705,2026-10-03,VAN,UGA,9.878,23.785,False,3.77,17.676,0.8557,25.5,-7.824,UGA,,,,,cfb-srs-v1,2026-10-01T11:16:33
2026,5,cfb_401866432,2026-10-03,WMU,BUFF,-1.356,-14.695,False,3.77,-9.569,0.2829,-14.0,4.431,WMU,,,,,cfb-srs-v1,2026-10-01T11:16:33
2026,5,cfb_401866431,2026-10-03,TOL,BALL,5.855,-23.405,False,3.77,-25.49,0.063,-20.5,-4.99,TOL,,,,,cfb-srs-v1,2026-10-01T11:16:33
2026,5,cfb_401858473,2026-10-03,OSU,IOWA,23.39,16.8,False,3.77,-2.821,0.4328,-14.5,11.679,OSU,,,,,cfb-srs-v1,2026-10-01T11:16:33
2026,5,cfb_401856708,2026-10-03,FLA,MIZ,14.47,8.653,False,3.77,-2.047,0.4511,-5.5,3.453,FLA,,,,,cfb-srs-v1,2026-10-01T11:16:33
2026,5,cfb_401856710,2026-10-03,AUB,TENN,10.115,12.268,False,3.77,5.923,0.6389,7.0,-1.077,TENN,,,,,cfb-srs-v1,2026-10-01T11:16:33
2026,5,cfb_401858247,2026-10-03,CAL,UNLV,-1.418,-7.062,False,3.77,-1.874,0.4552,2.5,-4.374,CAL,,,,,cfb-srs-v1,2026-10-01T11:16:33
2026,5,cfb_401858248,2026-10-03,LOU,NCSU,7.846,1.616,False,3.77,-2.459,0.4413,-3.5,1.041,LOU,,,,,cfb-srs-v1,2026-10-01T11:16:33
2026,5,cfb_401858253,2026-10-03,UVA,FSU,9.648,5.773,False,3.77,-0.105,0.4975,-2.5,2.395,UVA,,,,,cfb-srs-v1,2026-10-01T11:16:33
2026,5,cfb_401862787,2026-10-03,MEM,CLT,-0.778,-18.604,False,3.77,-14.056,0.1994,-20.5,6.444,MEM,,,,,cfb-srs-v1,2026-10-01T11:16:33
2026,5,cfb_401864515,2026-10-03,WYO,NDSU,-14.144,2.308,False,3.77,20.222,0.8876,17.5,2.722,NDSU,,,,,cfb-srs-v1,2026-10-01T11:16:33
2026,5,cfb_401866430,2026-10-03,AKR,CMU,-21.977,-13.668,False,3.77,12.079,0.7658,6.5,5.579,CMU,,,,,cfb-srs-v1,2026-10-01T11:16:33
2026,5,cfb_401866433,2026-10-03,EMU,MASS,-12.97,-18.317,False,3.77,-1.578,0.4623,5.5,-7.078,EMU,,,,,cfb-srs-v1,2026-10-01T11:16:33
2026,5,cfb_401866434,2026-10-03,OHIO,KENT,-3.907,-21.437,False,3.77,-13.76,0.2044,-3.5,-10.26,OHIO,,,,,cfb-srs-v1,2026-10-01T11:16:33
2026,5,cfb_401866477,2026-10-03,BGSU,M-OH,-13.985,-7.493,False,3.77,10.262,0.731,13.5,-3.238,M-OH,,,,,cfb-srs-v1,2026-10-01T11:16:33
2026,5,cfb_401869956,2026-10-03,ODU,GAST,-3.936,-11.881,False,3.77,-4.176,0.401,2.5,-6.676,ODU,,,,,cfb-srs-v1,2026-10-01T11:16:33
2026,5,cfb_401869962,2026-10-03,MRSH,JMU,-10.531,8.195,False,3.77,22.496,0.9115,18.5,3.996,JMU,,,,,cfb-srs-v1,2026-10-01T11:16:33
2026,5,cfb_401858475,2026-10-03,MD,NEB,-1.705,14.006,False,3.77,19.481,0.8789,14.5,4.981,NEB,,,,,cfb-srs-v1,2026-10-01T11:16:33
2026,5,cfb_401864514,2026-10-03,UTEP,UNM,-20.575,1.426,False,3.77,25.771,0.9391,22.5,3.271,UNM,,,,,cfb-srs-v1,2026-10-01T11:16:33
2026,5,cfb_401856709,2026-10-03,UK,SC,6.587,8.217,False,3.77,5.4,0.6271,3.0,2.4,SC,,,,,cfb-srs-v1,2026-10-01T11:16:33
2026,5,cfb_401858472,2026-10-03,PUR,ILL,1.81,7.88,False,3.77,9.839,0.7226,10.0,-0.161,ILL,,,,,cfb-srs-v1,2026-10-01T11:16:33
2026,5,cfb_401860899,2026-10-03,ORST,CSU,-6.692,-8.26,False,3.77,2.202,0.5526,-6.0,8.202,CSU,,,,,cfb-srs-v1,2026-10-01T11:16:33
2026,5,cfb_401856818,2026-10-03,BYU,TCU,11.886,5.744,False,3.77,-2.372,0.4434,-6.0,3.628,BYU,,,,,cfb-srs-v1,2026-10-01T11:16:33
2026,5,cfb_401856711,2026-10-03,ARK,TA&M,9.075,13.509,False,3.77,8.204,0.6888,14.0,-5.796,TA&M,,,,,cfb-srs-v1,2026-10-01T11:16:33
2026,5,cfb_401862788,2026-10-03,UTSA,RICE,2.963,-12.901,False,3.77,-12.094,0.2339,-11.5,-0.594,UTSA,,,,,cfb-srs-v1,2026-10-01T11:16:33
2026,5,cfb_401869942,2026-10-03,GASO,CCU,-9.708,-13.366,False,3.77,0.112,0.5027,-1.5,1.612,CCU,,,,,cfb-srs-v1,2026-10-01T11:16:33
2026,5,cfb_401871089,2026-10-03,ULM,USA,-22.078,-9.862,False,3.77,15.986,0.8314,14.0,1.986,USA,,,,,cfb-srs-v1,2026-10-01T11:16:33
2026,5,cfb_401858249,2026-10-03,MIA,CLEM,21.088,5.884,False,3.77,-11.434,0.2463,-16.5,5.066,MIA,,,,,cfb-srs-v1,2026-10-01T11:16:33
2026,5,cfb_401856821,2026-10-03,TTU,COLO,19.554,-3.55,False,3.77,-19.333,0.1229,-12.5,-6.833,TTU,,,,,cfb-srs-v1,2026-10-01T11:16:33
2026,5,cfb_401858478,2026-10-03,WASH,USC,9.514,14.953,False,3.77,9.209,0.7098,9.5,-0.291,USC,,,,,cfb-srs-v1,2026-10-01T11:16:33
2026,5,cfb_401860898,2026-10-03,USU,BOIS,0.223,7.324,False,3.77,10.871,0.743,20.5,-9.629,BOIS,,,,,cfb-srs-v1,2026-10-01T11:16:33
2026,5,cfb_401862792,2026-10-03,TEM,USF,-2.808,5.413,False,3.77,11.99,0.7641,6.5,5.49,USF,,,,,cfb-srs-v1,2026-10-01T11:16:33
2026,5,cfb_401869842,2026-10-03,ARMY,LT,-0.493,-5.006,False,3.77,-0.743,0.4822,-1.5,0.757,ARMY,,,,,cfb-srs-v1,2026-10-01T11:16:33
2026,5,cfb_401858477,2026-10-04,IU,RUTG,28.767,0.369,False,3.77,-24.628,0.0697,-24.5,-0.128,IU,,,,,cfb-srs-v1,2026-10-01T11:16:33
2026,5,cfb_401869932,2026-10-04,ARST,UL,-13.316,-8.188,False,3.77,8.898,0.7034,6.5,2.398,UL,,,,,cfb-srs-v1,2026-10-01T11:16:33
2026,5,cfb_401860921,2026-10-04,FRES,WSU,-0.8,-3.068,False,3.77,1.502,0.5359,1.5,0.002,WSU,,,,,cfb-srs-v1,2026-10-01T11:16:33
2026,5,cfb_401856817,2026-10-04,BAY,ASU,4.788,1.065,False,3.77,0.047,0.5011,3.5,-3.453,ASU,,,,,cfb-srs-v1,2026-10-01T11:16:33
2026,5,cfb_401860900,2026-10-04,TXST,SDSU,-2.917,0.226,False,3.77,6.912,0.6609,-7.5,14.412,SDSU,,,,,cfb-srs-v1,2026-10-01T11:16:33
2026,5,cfb_401856820,2026-10-04,CIN,ARIZ,3.954,6.053,False,3.77,5.87,0.6377,6.5,-0.63,ARIZ,,,,,cfb-srs-v1,2026-10-01T11:16:33
2026,5,cfb_401864513,2026-10-04,SJSU,HAW,-10.227,-12.467,False,3.77,1.531,0.5366,3.0,-1.469,HAW,,,,,cfb-srs-v1,2026-10-01T11:16:33
