season,week,game_id,gameday,away,home,away_srs,home_srs,neutral,hfa_applied,pred_margin,home_win_prob,spread_line,edge,pred_winner,away_qb,home_qb,away_score,home_score,model_version,logged_at
2026,2,2026_02_CAR_ATL,,CAR,ATL,-3.901,-2.263,False,2.2,3.838,0.6124,-2.5,6.338,ATL,,,,,srs-v1,2026-09-17T23:24:41
2026,2,2026_02_NO_BAL,,NO,BAL,-2.833,2.512,False,2.2,7.545,0.7127,7.5,0.045,BAL,,,,,srs-v1,2026-09-17T23:24:41
2026,2,2026_02_MIN_CHI,,MIN,CHI,2.032,2.635,False,2.2,2.803,0.5826,4.5,-1.697,CHI,,,,,srs-v1,2026-09-17T23:24:41
2026,2,2026_02_CIN_HOU,,CIN,HOU,-2.174,4.364,False,2.2,8.738,0.7422,2.5,6.238,HOU,,,,,srs-v1,2026-09-17T23:24:41
2026,2,2026_02_PIT_NE,,PIT,NE,0.442,3.375,False,2.2,5.133,0.6487,5.5,-0.367,NE,,,,,srs-v1,2026-09-17T23:24:41
2026,2,2026_02_GB_NYJ,,GB,NYJ,-1.362,-5.52,False,2.2,-1.958,0.4421,-3.5,1.542,GB,,,,,srs-v1,2026-09-17T23:24:41
2026,2,2026_02_CLE_TB,,CLE,TB,-6.451,-1.222,False,2.2,7.429,0.7098,8.5,-1.071,TB,,,,,srs-v1,2026-09-17T23:24:41
2026,2,2026_02_PHI_TEN,,PHI,TEN,1.546,-5.704,False,2.2,-5.051,0.3535,-7.0,1.949,PHI,,,,,srs-v1,2026-09-17T23:24:41
2026,2,2026_02_JAX_DEN,,JAX,DEN,7.159,0.03,False,2.2,-4.929,0.3569,2.5,-7.429,JAX,,,,,srs-v1,2026-09-17T23:24:41
2026,2,2026_02_LV_LAC,,LV,LAC,-4.379,-0.905,False,2.2,5.674,0.6635,6.5,-0.826,LAC,,,,,srs-v1,2026-09-17T23:24:41
2026,2,2026_02_SEA_ARI,,SEA,ARI,8.343,-1.401,False,2.2,-7.544,0.2873,-3.5,-4.044,SEA,,,,,srs-v1,2026-09-17T23:24:41
2026,2,2026_02_WAS_DAL,,WAS,DAL,-3.47,-3.199,False,2.2,2.471,0.5729,3.5,-1.029,DAL,,,,,srs-v1,2026-09-17T23:24:41
2026,2,2026_02_MIA_SF,,MIA,SF,-4.752,4.529,False,2.2,11.481,0.8035,13.5,-2.019,SF,,,,,srs-v1,2026-09-17T23:24:41
2026,2,2026_02_IND_KC,,IND,KC,0.997,3.24,False,2.2,4.444,0.6295,6.5,-2.056,KC,,,,,srs-v1,2026-09-17T23:24:41
2026,2,2026_02_NYG_LA,,NYG,LA,-1.362,4.281,False,2.2,7.843,0.7202,7.0,0.843,LA,,,,,srs-v1,2026-09-17T23:24:41
2026,3,2026_03_ATL_GB,2026-09-24,ATL,GB,-8.136,1.849,False,2.2,12.185,0.8177,6.0,6.185,GB,Michael Penix Jr.,Jordan Love,,,srs-v1,2026-09-22T11:56:49
2026,3,2026_03_LAC_BUF,2026-09-27,LAC,BUF,-2.588,4.306,False,2.2,9.094,0.7507,7.0,2.094,BUF,Justin Herbert,Josh Allen,,,srs-v1,2026-09-22T11:56:49
2026,3,2026_03_CAR_CLE,2026-09-27,CAR,CLE,0.682,-9.293,False,2.2,-7.775,0.2815,-2.5,-5.275,CAR,Bryce Young,Deshaun Watson,,,srs-v1,2026-09-22T11:56:49
2026,3,2026_03_NYJ_DET,2026-09-27,NYJ,DET,-6.516,2.873,False,2.2,11.589,0.8057,6.5,5.089,DET,Geno Smith,Jared Goff,,,srs-v1,2026-09-22T11:56:49
2026,3,2026_03_HOU_IND,2026-09-27,HOU,IND,1.803,2.525,False,2.2,2.922,0.5861,-2.5,5.422,IND,C.J. Stroud,Daniel Jones,,,srs-v1,2026-09-22T11:56:49
2026,3,2026_03_NE_JAX,2026-09-27,NE,JAX,7.029,3.493,False,2.2,-1.336,0.4604,3.0,-4.336,NE,Drake Maye,Trevor Lawrence,,,srs-v1,2026-09-22T11:56:49
2026,3,2026_03_KC_MIA,2026-09-27,KC,MIA,4.7,-3.493,False,2.2,-5.993,0.3278,-11.5,5.507,KC,Patrick Mahomes,Malik Willis,,,srs-v1,2026-09-22T11:56:49
2026,3,2026_03_TEN_NYG,2026-09-27,TEN,NYG,-10.237,-4.968,False,2.2,7.469,0.7108,3.0,4.469,NYG,Cam Ward,Jaxson Dart,,,srs-v1,2026-09-22T11:56:49
2026,3,2026_03_CIN_PIT,2026-09-27,CIN,PIT,-2.451,-3.315,False,2.2,1.336,0.5396,-3.5,4.836,PIT,Joe Burrow,Aaron Rodgers,,,srs-v1,2026-09-22T11:56:49
2026,3,2026_03_SEA_WAS,2026-09-27,SEA,WAS,13.069,-11.425,False,2.2,-22.295,0.0486,-7.0,-15.295,SEA,Drew Lock,Jayden Daniels,,,srs-v1,2026-09-22T11:56:49
2026,3,2026_03_ARI_SF,2026-09-27,ARI,SF,-2.401,10.141,False,2.2,14.742,0.8636,8.5,6.242,SF,Jacoby Brissett,Brock Purdy,,,srs-v1,2026-09-22T11:56:49
2026,3,2026_03_MIN_TB,2026-09-27,MIN,TB,8.91,-5.213,False,2.2,-11.923,0.1875,-1.5,-10.423,MIN,Kyler Murray,Baker Mayfield,,,srs-v1,2026-09-22T11:56:49
2026,3,2026_03_BAL_DAL,2026-09-27,BAL,DAL,4.232,-6.433,True,0.0,-10.665,0.2137,-3.0,-7.665,BAL,Lamar Jackson,Dak Prescott,,,srs-v1,2026-09-22T11:56:49
2026,3,2026_03_LV_NO,2026-09-27,LV,NO,-2.249,1.139,False,2.2,5.588,0.6612,3.0,2.588,NO,Kirk Cousins,Tyler Shough,,,srs-v1,2026-09-22T11:56:49
2026,3,2026_03_LA_DEN,2026-09-27,LA,DEN,8.001,1.08,False,2.2,-4.721,0.3627,-2.5,-2.221,LA,Matthew Stafford,Bo Nix,,,srs-v1,2026-09-22T11:56:49
2026,3,2026_03_PHI_CHI,2026-09-28,PHI,CHI,-5.511,8.396,False,2.2,16.107,0.8846,-3.5,19.607,CHI,Jalen Hurts,Tyson Bagent,,,srs-v1,2026-09-22T11:56:49
2026,5,2026_05_TB_DAL,2026-10-08,TB,DAL,-1.654,-2.136,False,2.2,1.718,0.5509,9.5,-7.782,DAL,Jalon Daniels,Dak Prescott,,,srs-v1,2026-10-01T10:31:03
2026,5,2026_05_PHI_JAX,2026-10-11,PHI,JAX,-2.421,11.621,False,2.2,16.242,0.8866,2.5,13.742,JAX,Jalen Hurts,Trevor Lawrence,,,srs-v1,2026-10-01T10:31:03
2026,5,2026_05_CIN_MIA,2026-10-11,CIN,MIA,-1.826,-4.089,False,2.2,-0.063,0.4981,-8.5,8.437,CIN,Joe Burrow,Malik Willis,,,srs-v1,2026-10-01T10:31:03
2026,5,2026_05_LV_NE,2026-10-11,LV,NE,-0.558,3.289,False,2.2,6.047,0.6736,3.5,2.547,NE,Kirk Cousins,Drake Maye,,,srs-v1,2026-10-01T10:31:03
2026,5,2026_05_MIN_NO,2026-10-11,MIN,NO,3.512,-0.843,False,2.2,-2.155,0.4363,-2.5,0.345,MIN,Kyler Murray,Tyler Shough,,,srs-v1,2026-10-01T10:31:03
2026,5,2026_05_CLE_NYJ,2026-10-11,CLE,NYJ,-2.668,-9.523,False,2.2,-4.656,0.3645,2.5,-7.156,CLE,Deshaun Watson,Geno Smith,,,srs-v1,2026-10-01T10:31:03
2026,5,2026_05_IND_PIT,2026-10-11,IND,PIT,0.801,-2.7,False,2.2,-1.301,0.4614,2.5,-3.801,IND,Daniel Jones,Aaron Rodgers,,,srs-v1,2026-10-01T10:31:03
2026,5,2026_05_HOU_TEN,2026-10-11,HOU,TEN,0.38,-9.926,False,2.2,-8.106,0.2732,-6.5,-1.606,HOU,C.J. Stroud,Cam Ward,,,srs-v1,2026-10-01T10:31:03
2026,5,2026_05_NYG_WAS,2026-10-11,NYG,WAS,-4.422,-5.128,False,2.2,1.494,0.5443,2.5,-1.006,WAS,Jameis Winston,Jayden Daniels,,,srs-v1,2026-10-01T10:31:03
2026,5,2026_05_CHI_GB,2026-10-11,CHI,GB,5.735,-7.006,False,2.2,-10.541,0.2164,2.5,-13.041,CHI,Case Keenum,Jordan Love,,,srs-v1,2026-10-01T10:31:03
2026,5,2026_05_DEN_LAC,2026-10-11,DEN,LAC,5.581,-3.065,False,2.2,-6.446,0.3158,-2.5,-3.946,DEN,Bo Nix,Justin Herbert,,,srs-v1,2026-10-01T10:31:03
2026,5,2026_05_DET_ARI,2026-10-11,DET,ARI,0.225,-2.298,False,2.2,-0.322,0.4904,-5.5,5.178,DET,Jared Goff,Jacoby Brissett,,,srs-v1,2026-10-01T10:31:03
2026,5,2026_05_SF_SEA,2026-10-11,SF,SEA,8.761,8.461,False,2.2,1.9,0.5562,3.0,-1.1,SEA,Brock Purdy,Drew Lock,,,srs-v1,2026-10-01T10:31:03
2026,5,2026_05_BAL_ATL,2026-10-11,BAL,ATL,2.339,-6.482,False,2.2,-6.621,0.3111,-6.0,-0.621,BAL,Lamar Jackson,Michael Penix Jr.,,,srs-v1,2026-10-01T10:31:03
2026,5,2026_05_BUF_LA,2026-10-12,BUF,LA,2.758,6.913,False,2.2,6.355,0.6818,1.5,4.855,LA,Josh Allen,Matthew Stafford,,,srs-v1,2026-10-01T10:31:03
2026,4,2026_04_PIT_CLE,2026-10-01,PIT,CLE,-2.7,-2.668,False,2.2,2.232,0.5659,-2.5,4.732,CLE,Aaron Rodgers,Deshaun Watson,,,srs-v1,2026-10-01T10:31:43
2026,4,2026_04_IND_WAS,2026-10-04,IND,WAS,0.801,-5.128,True,0.0,-5.929,0.3296,-3.5,-2.429,IND,Daniel Jones,Jayden Daniels,,,srs-v1,2026-10-01T10:31:43
2026,4,2026_04_TEN_BAL,2026-10-04,TEN,BAL,-9.926,2.339,False,2.2,14.465,0.8591,11.5,2.965,BAL,Cam Ward,Lamar Jackson,,,srs-v1,2026-10-01T10:31:43
2026,4,2026_04_NE_BUF,2026-10-04,NE,BUF,3.289,2.758,False,2.2,1.669,0.5494,6.5,-4.831,BUF,Drake Maye,Josh Allen,,,srs-v1,2026-10-01T10:31:43
2026,4,2026_04_NYJ_CHI,2026-10-04,NYJ,CHI,-9.523,5.735,False,2.2,17.458,0.903,3.5,13.958,CHI,Geno Smith,Case Keenum,,,srs-v1,2026-10-01T10:31:43
2026,4,2026_04_JAX_CIN,2026-10-04,JAX,CIN,11.621,-1.826,False,2.2,-11.247,0.2013,2.5,-13.747,JAX,Trevor Lawrence,Joe Burrow,,,srs-v1,2026-10-01T10:31:43
2026,4,2026_04_DAL_HOU,2026-10-04,DAL,HOU,-2.136,0.38,False,2.2,4.716,0.6372,3.0,1.716,HOU,Dak Prescott,C.J. Stroud,,,srs-v1,2026-10-01T10:31:43
2026,4,2026_04_ARI_NYG,2026-10-04,ARI,NYG,-2.298,-4.422,False,2.2,0.076,0.5022,-2.5,2.576,NYG,Jacoby Brissett,Jameis Winston,,,srs-v1,2026-10-01T10:31:43
2026,4,2026_04_LA_PHI,2026-10-04,LA,PHI,6.913,-2.421,False,2.2,-7.134,0.2978,-3.0,-4.134,LA,Matthew Stafford,Jalen Hurts,,,srs-v1,2026-10-01T10:31:43
2026,4,2026_04_GB_TB,2026-10-04,GB,TB,-7.006,-1.654,False,2.2,7.552,0.7129,-3.5,11.052,TB,Jordan Love,Jalon Daniels,,,srs-v1,2026-10-01T10:31:43
2026,4,2026_04_MIA_MIN,2026-10-04,MIA,MIN,-4.089,3.512,False,2.2,9.802,0.7671,10.5,-0.698,MIN,Malik Willis,Kyler Murray,,,srs-v1,2026-10-01T10:31:43
2026,4,2026_04_KC_LV,2026-10-04,KC,LV,6.633,-0.558,False,2.2,-4.99,0.3552,-4.5,-0.49,KC,Patrick Mahomes,Kirk Cousins,,,srs-v1,2026-10-01T10:31:43
2026,4,2026_04_LAC_SEA,2026-10-04,LAC,SEA,-3.065,8.461,False,2.2,13.726,0.8464,7.0,6.726,SEA,Justin Herbert,Drew Lock,,,srs-v1,2026-10-01T10:31:43
2026,4,2026_04_DEN_SF,2026-10-04,DEN,SF,5.581,8.761,False,2.2,5.379,0.6555,3.0,2.379,SF,Bo Nix,Brock Purdy,,,srs-v1,2026-10-01T10:31:43
2026,4,2026_04_DET_CAR,2026-10-04,DET,CAR,0.225,-0.263,False,2.2,1.712,0.5507,-3.5,5.212,CAR,Jared Goff,Bryce Young,,,srs-v1,2026-10-01T10:31:43
2026,4,2026_04_ATL_NO,2026-10-05,ATL,NO,-6.482,-0.843,False,2.2,7.84,0.7202,2.5,5.34,NO,Michael Penix Jr.,Tyler Shough,,,srs-v1,2026-10-01T10:31:43
