Date,Winner Team,Winner Score,Loser Team,Loser Score,Home Team,Pass Yds Player,Pass Yds Team,Pass Yds,Rush Yds Player,Rush Yds Team,Rush Yds,Rec Yds Player,Rec Yds Team,Rec Yds,Week
"Sep 8, 2022",Buffalo Bills,31,Los Angeles Rams,10,Los Angeles Rams,Allen,BUF,297,Allen,BUF,56,Kupp,LAR,128,1
"Sep 11, 2022",New Orleans Saints,27,Atlanta Falcons,26,Atlanta Falcons,Winston,NOR,269,Patterson,ATL,120,Landry,NOR,114,1
"Sep 11, 2022",Cleveland Browns,26,Carolina Panthers,24,Carolina Panthers,Mayfield,CAR,235,Chubb,CLE,141,Chosen,CAR,102,1
"Sep 11, 2022",San Francisco 49ers,10,Chicago Bears,19,Chicago Bears,Lance,SFO,164,Lance,SFO,54,Jennings,SFO,62,1
"Sep 11, 2022",Pittsburgh Steelers,23,Cincinnati Bengals,20,Cincinnati Bengals,Burrow,CIN,338,Mixon,CIN,82,Chase,CIN,129,1
"Sep 11, 2022",Philadelphia Eagles,38,Detroit Lions,35,Detroit Lions,Hurts,PHI,243,Swift,DET,144,Brown,PHI,155,1
"Sep 11, 2022",Indianapolis Colts,20,Houston Texans,20,Houston Texans,Ryan,IND,352,Taylor,IND,161,Pittman,IND,121,1
"Sep 11, 2022",New England Patriots,7,Miami Dolphins,20,Miami Dolphins,Tagovailoa,MIA,270,Harris,NWE,48,Hill,MIA,94,1
"Sep 11, 2022",Baltimore Ravens,24,New York Jets,9,New York Jets,Flacco,NYJ,309,Carter,NYJ,60,Davis,NYJ,77,1
"Sep 11, 2022",Jacksonville Jaguars,22,Washington Commanders,28,Washington Commanders,Wentz,WAS,313,Robinson,JAX,66,Kirk,JAX,117,1
"Sep 11, 2022",Kansas City Chiefs,44,Arizona Cardinals,21,Arizona Cardinals,Mahomes,KAN,360,Pacheco,KAN,62,Kelce,KAN,121,1
"Sep 11, 2022",Green Bay Packers,7,Minnesota Vikings,23,Minnesota Vikings,Cousins,MIN,277,Cook,MIN,90,Jefferson,MIN,184,1
"Sep 11, 2022",New York Giants,21,Tennessee Titans,20,Tennessee Titans,Tannehill,TEN,266,Barkley,NYG,164,Shepard,NYG,71,1
"Sep 11, 2022",Las Vegas Raiders,19,Los Angeles Chargers,24,Los Angeles Chargers,Carr,LVR,295,Jacobs,LVR,57,Adams,LVR,141,1
"Sep 11, 2022",Tampa Bay Buccaneers,19,Dallas Cowboys,3,Dallas Cowboys,Brady,TAM,212,Fournette,TAM,127,Evans,TAM,71,1
"Sep 12, 2022",Denver Broncos,16,Seattle Seahawks,17,Seattle Seahawks,Wilson,DEN,340,Penny,SEA,60,Jeudy,DEN,102,1
"Sep 15, 2022",Los Angeles Chargers,24,Kansas City Chiefs,27,Kansas City Chiefs,Herbert,LAC,334,Edwards,Helaire,74,Williams,LAC,113,2
"Sep 18, 2022",New York Jets,31,Cleveland Browns,30,Cleveland Browns,Flacco,NYJ,307,Chubb,CLE,87,Wilson,NYJ,102,2
"Sep 18, 2022",Washington Commanders,27,Detroit Lions,36,Detroit Lions,Wentz,WAS,337,St. Brown,DET,68,St. Brown,DET,116,2
"Sep 18, 2022",Indianapolis Colts,0,Jacksonville Jaguars,24,Jacksonville Jaguars,Lawrence,JAX,235,Robinson,JAX,64,Dulin,IND,79,2
"Sep 18, 2022",Tampa Bay Buccaneers,20,New Orleans Saints,10,New Orleans Saints,Winston,NOR,236,Fournette,TAM,65,Olave,NOR,80,2
"Sep 18, 2022",Carolina Panthers,16,New York Giants,19,New York Giants,Jones,NYG,176,McCaffrey,CAR,102,James,NYG,51,2
"Sep 18, 2022",New England Patriots,17,Pittsburgh Steelers,14,Pittsburgh Steelers,Jones,NWE,252,Harris,NWE,71,Agholor,NWE,110,2
"Sep 18, 2022",Miami Dolphins,42,Baltimore Ravens,38,Baltimore Ravens,Tagovailoa,MIA,469,Jackson,BAL,119,Hill,MIA,190,2
"Sep 18, 2022",Atlanta Falcons,27,Los Angeles Rams,31,Los Angeles Rams,Stafford,LAR,272,Henderson,LAR,47,Kupp,LAR,108,2
"Sep 18, 2022",Seattle Seahawks,7,San Francisco 49ers,27,San Francisco 49ers,Smith,SEA,197,Wilson,SFO,84,Lockett,SEA,107,2
"Sep 18, 2022",Cincinnati Bengals,17,Dallas Cowboys,20,Dallas Cowboys,Rush,DAL,235,Mixon,CIN,57,Brown,DAL,91,2
"Sep 18, 2022",Houston Texans,9,Denver Broncos,16,Denver Broncos,Wilson,DEN,219,Williams,DEN,75,Sutton,DEN,122,2
"Sep 18, 2022",Arizona Cardinals,29,Las Vegas Raiders,23,Las Vegas Raiders,Murray,ARI,277,Jacobs,LVR,69,Ertz,ARI,75,2
"Sep 18, 2022",Chicago Bears,10,Green Bay Packers,27,Green Bay Packers,Rodgers,GNB,234,Jones,GNB,132,Watkins,GNB,93,2
"Sep 19, 2022",Tennessee Titans,7,Buffalo Bills,41,Buffalo Bills,Allen,BUF,317,Cook,BUF,53,Diggs,BUF,148,2
"Sep 19, 2022",Minnesota Vikings,7,Philadelphia Eagles,24,Philadelphia Eagles,Hurts,PHI,333,Sanders,PHI,80,Goedert,PHI,82,2
"Sep 22, 2022",Pittsburgh Steelers,17,Cleveland Browns,29,Cleveland Browns,Brissett,CLE,220,Chubb,CLE,113,Cooper,CLE,101,3
"Sep 25, 2022",New Orleans Saints,14,Carolina Panthers,22,Carolina Panthers,Winston,NOR,353,McCaffrey,CAR,108,Olave,NOR,147,3
"Sep 25, 2022",Houston Texans,20,Chicago Bears,23,Chicago Bears,Mills,HOU,245,Herbert,CHI,157,Moore,HOU,63,3
"Sep 25, 2022",Kansas City Chiefs,17,Indianapolis Colts,20,Indianapolis Colts,Mahomes,KAN,262,Taylor,IND,71,Smith,Schuster,89,3
"Sep 25, 2022",Buffalo Bills,19,Miami Dolphins,21,Miami Dolphins,Allen,BUF,400,Allen,BUF,47,Waddle,MIA,102,3
"Sep 25, 2022",Detroit Lions,24,Minnesota Vikings,28,Minnesota Vikings,Goff,DET,277,Cook,MIN,96,Reynolds,DET,96,3
"Sep 25, 2022",Baltimore Ravens,37,New England Patriots,26,New England Patriots,Jones,NWE,321,Jackson,BAL,107,Parker,NWE,156,3
"Sep 25, 2022",Cincinnati Bengals,27,New York Jets,12,New York Jets,Flacco,NYJ,285,Perine,CIN,47,Boyd,CIN,105,3
"Sep 25, 2022",Las Vegas Raiders,22,Tennessee Titans,24,Tennessee Titans,Carr,LVR,303,Henry,TEN,85,Hollins,LVR,158,3
"Sep 25, 2022",Philadelphia Eagles,24,Washington Commanders,8,Washington Commanders,Hurts,PHI,340,Sanders,PHI,46,Smith,PHI,169,3
"Sep 25, 2022",Jacksonville Jaguars,38,Los Angeles Chargers,10,Los Angeles Chargers,Herbert,LAC,297,Robinson,JAX,100,Palmer,LAC,99,3
"Sep 25, 2022",Los Angeles Rams,20,Arizona Cardinals,12,Arizona Cardinals,Murray,ARI,314,Akers,LAR,61,Brown,ARI,140,3
"Sep 25, 2022",Atlanta Falcons,27,Seattle Seahawks,23,Seattle Seahawks,Smith,SEA,325,Patterson,ATL,141,Pitts,ATL,87,3
"Sep 25, 2022",Green Bay Packers,14,Tampa Bay Buccaneers,12,Tampa Bay Buccaneers,Brady,TAM,271,Jones,GNB,36,Gage,TAM,87,3
"Sep 25, 2022",San Francisco 49ers,10,Denver Broncos,11,Denver Broncos,Garoppolo,SFO,211,Wilson,SFO,75,Sutton,DEN,97,3
"Sep 26, 2022",Dallas Cowboys,23,New York Giants,16,New York Giants,Rush,DAL,215,Pollard,DAL,105,Lamb,DAL,87,3
"Sep 29, 2022",Miami Dolphins,15,Cincinnati Bengals,27,Cincinnati Bengals,Burrow,CIN,287,Mostert,MIA,69,Hill,MIA,160,4
"Oct 2, 2022",Minnesota Vikings,28,New Orleans Saints,25,New Orleans Saints,Cousins,MIN,273,Cook,MIN,76,Jefferson,MIN,147,4
"Oct 2, 2022",Cleveland Browns,20,Atlanta Falcons,23,Atlanta Falcons,Brissett,CLE,234,Chubb,CLE,118,Njoku,CLE,73,4
"Oct 2, 2022",Tennessee Titans,24,Indianapolis Colts,17,Indianapolis Colts,Ryan,IND,356,Henry,TEN,114,Alie,Cox,85,4
"Oct 2, 2022",Washington Commanders,10,Dallas Cowboys,25,Dallas Cowboys,Rush,DAL,223,2 tied,N/A,49,Lamb,DAL,97,4
"Oct 2, 2022",Seattle Seahawks,48,Detroit Lions,45,Detroit Lions,Goff,DET,378,Penny,SEA,151,Hockenson,DET,179,4
"Oct 2, 2022",Los Angeles Chargers,34,Houston Texans,24,Houston Texans,Herbert,LAC,340,Pierce,HOU,131,Williams,LAC,120,4
"Oct 2, 2022",Chicago Bears,12,New York Giants,20,New York Giants,Fields,CHI,174,Barkley,NYG,146,Mooney,CHI,94,4
"Oct 2, 2022",Jacksonville Jaguars,21,Philadelphia Eagles,29,Philadelphia Eagles,Hurts,PHI,204,Sanders,PHI,134,Brown,PHI,95,4
"Oct 2, 2022",New York Jets,24,Pittsburgh Steelers,20,Pittsburgh Steelers,Wilson,NYJ,252,Harris,PIT,74,Pickens,PIT,102,4
"Oct 2, 2022",Buffalo Bills,23,Baltimore Ravens,20,Baltimore Ravens,Allen,BUF,213,Jackson,BAL,73,Diggs,BUF,62,4
"Oct 2, 2022",Arizona Cardinals,26,Carolina Panthers,16,Carolina Panthers,Murray,ARI,207,Conner,ARI,55,Brown,ARI,88,4
"Oct 2, 2022",New England Patriots,24,Green Bay Packers,27,Green Bay Packers,Rodgers,GNB,251,Jones,GNB,110,Lazard,GNB,116,4
"Oct 2, 2022",Denver Broncos,23,Las Vegas Raiders,32,Las Vegas Raiders,Wilson,DEN,237,Jacobs,LVR,144,Adams,LVR,101,4
"Oct 2, 2022",Kansas City Chiefs,41,Tampa Bay Buccaneers,31,Tampa Bay Buccaneers,Brady,TAM,385,Edwards,Helaire,92,Evans,TAM,103,4
"Oct 3, 2022",Los Angeles Rams,9,San Francisco 49ers,24,San Francisco 49ers,Stafford,LAR,254,Wilson,SFO,74,Kupp,LAR,122,4
"Oct 6, 2022",Indianapolis Colts,12,Denver Broncos,9,Denver Broncos,Wilson,DEN,274,Jackson,IND,62,Pierce,IND,81,5
"Oct 9, 2022",New York Giants,27,Green Bay Packers,22,Green Bay Packers,Rodgers,GNB,222,Barkley,NYG,70,Cobb,GNB,99,5
"Oct 9, 2022",Pittsburgh Steelers,3,Buffalo Bills,38,Buffalo Bills,Allen,BUF,424,2 tied,N/A,42,Davis,BUF,171,5
"Oct 9, 2022",Los Angeles Chargers,30,Cleveland Browns,28,Cleveland Browns,Brissett,CLE,230,Ekeler,LAC,173,Williams,LAC,134,5
"Oct 9, 2022",Houston Texans,13,Jacksonville Jaguars,6,Jacksonville Jaguars,Lawrence,JAX,286,Pierce,HOU,99,Jones,JAX,104,5
"Oct 9, 2022",Chicago Bears,22,Minnesota Vikings,29,Minnesota Vikings,Cousins,MIN,296,Cook,MIN,94,Jefferson,MIN,154,5
"Oct 9, 2022",Seattle Seahawks,32,New Orleans Saints,39,New Orleans Saints,Smith,SEA,268,Hill,NOR,112,Lockett,SEA,104,5
"Oct 9, 2022",Detroit Lions,0,New England Patriots,29,New England Patriots,Goff,DET,229,Stevenson,NWE,161,Meyers,NWE,111,5
"Oct 9, 2022",Miami Dolphins,17,New York Jets,40,New York Jets,Wilson,NYJ,210,Mostert,MIA,113,Hall,NYJ,100,5
"Oct 9, 2022",Atlanta Falcons,15,Tampa Bay Buccaneers,21,Tampa Bay Buccaneers,Brady,TAM,351,Mariota,ATL,61,Fournette,TAM,83,5
"Oct 9, 2022",Tennessee Titans,21,Washington Commanders,17,Washington Commanders,Wentz,WAS,359,Henry,TEN,102,Brown,WAS,105,5
"Oct 9, 2022",San Francisco 49ers,37,Carolina Panthers,15,Carolina Panthers,Garoppolo,SFO,253,Wilson,SFO,120,Smith,CAR,69,5
"Oct 9, 2022",Philadelphia Eagles,20,Arizona Cardinals,17,Arizona Cardinals,Murray,ARI,250,Hurts,PHI,61,Goedert,PHI,95,5
"Oct 9, 2022",Dallas Cowboys,22,Los Angeles Rams,10,Los Angeles Rams,Stafford,LAR,308,Pollard,DAL,86,Kupp,LAR,125,5
"Oct 9, 2022",Cincinnati Bengals,17,Baltimore Ravens,19,Baltimore Ravens,Burrow,CIN,217,Mixon,CIN,78,Andrews,BAL,89,5
"Oct 10, 2022",Las Vegas Raiders,29,Kansas City Chiefs,30,Kansas City Chiefs,Mahomes,KAN,292,Jacobs,LVR,154,Adams,LVR,124,5
"Oct 13, 2022",Washington Commanders,12,Chicago Bears,7,Chicago Bears,Fields,CHI,190,Fields,CHI,88,Pettis,CHI,84,6
"Oct 16, 2022",San Francisco 49ers,14,Atlanta Falcons,28,Atlanta Falcons,Garoppolo,SFO,296,Huntley,ATL,59,2 tied,N/A,83,6
"Oct 16, 2022",New England Patriots,38,Cleveland Browns,15,Cleveland Browns,Zappe,NWE,309,Stevenson,NWE,76,Peoples,Jones,74,6
"Oct 16, 2022",Jacksonville Jaguars,27,Indianapolis Colts,34,Indianapolis Colts,Ryan,IND,389,Etienne,JAX,86,Pittman,IND,134,6
"Oct 16, 2022",New York Jets,27,Green Bay Packers,10,Green Bay Packers,Rodgers,GNB,246,Hall,NYJ,116,Tonyan,GNB,90,6
"Oct 16, 2022",Minnesota Vikings,24,Miami Dolphins,16,Miami Dolphins,Bridgewater,MIA,329,Cook,MIN,77,Hill,MIA,177,6
"Oct 16, 2022",Cincinnati Bengals,30,New Orleans Saints,26,New Orleans Saints,Burrow,CIN,300,Kamara,NOR,99,Chase,CIN,132,6
"Oct 16, 2022",Baltimore Ravens,20,New York Giants,24,New York Giants,Jackson,BAL,210,Drake,BAL,119,Andrews,BAL,106,6
"Oct 16, 2022",Tampa Bay Buccaneers,18,Pittsburgh Steelers,20,Pittsburgh Steelers,Brady,TAM,243,Fournette,TAM,63,Claypool,PIT,96,6
"Oct 16, 2022",Carolina Panthers,10,Los Angeles Rams,24,Los Angeles Rams,Stafford,LAR,253,McCaffrey,CAR,69,McCaffrey,CAR,89,6
"Oct 16, 2022",Arizona Cardinals,9,Seattle Seahawks,19,Seattle Seahawks,Murray,ARI,222,Murray,ARI,100,Ertz,ARI,70,6
"Oct 16, 2022",Buffalo Bills,24,Kansas City Chiefs,20,Kansas City Chiefs,Mahomes,KAN,338,Singletary,BUF,85,Diggs,BUF,148,6
"Oct 16, 2022",Dallas Cowboys,17,Philadelphia Eagles,26,Philadelphia Eagles,Rush,DAL,181,Elliott,DAL,81,Lamb,DAL,68,6
"Oct 17, 2022",Denver Broncos,16,Los Angeles Chargers,19,Los Angeles Chargers,Herbert,LAC,238,Murray,DEN,66,Palmer,LAC,57,6
"Oct 20, 2022",New Orleans Saints,34,Arizona Cardinals,42,Arizona Cardinals,Dalton,NOR,361,Benjamin,ARI,92,Olave,NOR,106,7
"Oct 23, 2022",Tampa Bay Buccaneers,3,Carolina Panthers,21,Carolina Panthers,Brady,TAM,290,Foreman,CAR,118,Evans,TAM,96,7
"Oct 23, 2022",Atlanta Falcons,17,Cincinnati Bengals,35,Cincinnati Bengals,Burrow,CIN,481,Mixon,CIN,58,Boyd,CIN,155,7
"Oct 23, 2022",Detroit Lions,6,Dallas Cowboys,24,Dallas Cowboys,Goff,DET,228,Pollard,DAL,83,Raymond,DET,75,7
"Oct 23, 2022",New York Giants,23,Jacksonville Jaguars,17,Jacksonville Jaguars,Lawrence,JAX,310,Etienne,JAX,114,Kirk,JAX,96,7
"Oct 23, 2022",Indianapolis Colts,10,Tennessee Titans,19,Tennessee Titans,Ryan,IND,243,Henry,TEN,128,Campbell,IND,70,7
"Oct 23, 2022",Cleveland Browns,20,Baltimore Ravens,23,Baltimore Ravens,Brissett,CLE,258,Chubb,CLE,91,Cooper,CLE,74,7
"Oct 23, 2022",Green Bay Packers,21,Washington Commanders,23,Washington Commanders,Heinicke,WAS,201,Robinson,WAS,73,McLaurin,WAS,73,7
"Oct 23, 2022",New York Jets,16,Denver Broncos,9,Denver Broncos,Rypien,DEN,225,Hall,NYJ,72,Jeudy,DEN,96,7
"Oct 23, 2022",Houston Texans,20,Las Vegas Raiders,38,Las Vegas Raiders,Mills,HOU,302,Jacobs,LVR,143,Adams,LVR,95,7
"Oct 23, 2022",Seattle Seahawks,37,Los Angeles Chargers,23,Los Angeles Chargers,Herbert,LAC,293,Walker,SEA,167,Ekeler,LAC,96,7
"Oct 23, 2022",Kansas City Chiefs,44,San Francisco 49ers,23,San Francisco 49ers,Mahomes,KAN,423,Wilson,SFO,54,Smith,Schuster,124,7
"Oct 23, 2022",Pittsburgh Steelers,10,Miami Dolphins,16,Miami Dolphins,Tagovailoa,MIA,261,Mostert,MIA,79,Waddle,MIA,88,7
"Oct 24, 2022",Chicago Bears,33,New England Patriots,14,New England Patriots,Zappe,NWE,185,Fields,CHI,82,Parker,NWE,68,7
"Oct 27, 2022",Baltimore Ravens,27,Tampa Bay Buccaneers,22,Tampa Bay Buccaneers,Brady,TAM,325,Edwards,BAL,65,Evans,TAM,123,8
"Oct 30, 2022",Denver Broncos,21,Jacksonville Jaguars,17,Jacksonville Jaguars,Wilson,DEN,252,Etienne,JAX,156,Dulcich,DEN,87,8
"Oct 30, 2022",Carolina Panthers,34,Atlanta Falcons,37,Atlanta Falcons,Walker,CAR,317,Foreman,CAR,118,Moore,CAR,152,8
"Oct 30, 2022",Chicago Bears,29,Dallas Cowboys,49,Dallas Cowboys,Prescott,DAL,250,Pollard,DAL,131,Lamb,DAL,77,8
"Oct 30, 2022",Miami Dolphins,31,Detroit Lions,27,Detroit Lions,Tagovailoa,MIA,382,Mostert,MIA,64,Hill,MIA,188,8
"Oct 30, 2022",Arizona Cardinals,26,Minnesota Vikings,34,Minnesota Vikings,Murray,ARI,326,Cook,MIN,111,Hopkins,ARI,159,8
"Oct 30, 2022",Las Vegas Raiders,0,New Orleans Saints,24,New Orleans Saints,Dalton,NOR,229,Kamara,NOR,62,Kamara,NOR,96,8
"Oct 30, 2022",New England Patriots,22,New York Jets,17,New York Jets,Wilson,NYJ,355,Stevenson,NWE,71,Wilson,NYJ,115,8
"Oct 30, 2022",Pittsburgh Steelers,13,Philadelphia Eagles,35,Philadelphia Eagles,Hurts,PHI,285,Sanders,PHI,78,Brown,PHI,156,8
"Oct 30, 2022",Tennessee Titans,17,Houston Texans,10,Houston Texans,Mills,HOU,152,Henry,TEN,219,Cooks,HOU,73,8
"Oct 30, 2022",Washington Commanders,17,Indianapolis Colts,16,Indianapolis Colts,Heinicke,WAS,279,Taylor,IND,76,McLaurin,WAS,113,8
"Oct 30, 2022",San Francisco 49ers,31,Los Angeles Rams,14,Los Angeles Rams,Garoppolo,SFO,235,McCaffrey,SFO,94,Aiyuk,SFO,81,8
"Oct 30, 2022",New York Giants,13,Seattle Seahawks,27,Seattle Seahawks,Smith,SEA,212,Barkley,NYG,53,Slayton,NYG,66,8
"Oct 30, 2022",Green Bay Packers,17,Buffalo Bills,27,Buffalo Bills,Allen,BUF,218,Jones,GNB,143,Diggs,BUF,108,8
"Oct 31, 2022",Cincinnati Bengals,13,Cleveland Browns,32,Cleveland Browns,Brissett,CLE,278,Chubb,CLE,101,Cooper,CLE,131,8
"Nov 3, 2022",Philadelphia Eagles,29,Houston Texans,17,Houston Texans,Hurts,PHI,243,Pierce,HOU,139,Goedert,PHI,100,9
"Nov 6, 2022",Los Angeles Chargers,20,Atlanta Falcons,17,Atlanta Falcons,Herbert,LAC,245,Allgeier,ATL,99,Palmer,LAC,106,9
"Nov 6, 2022",Miami Dolphins,35,Chicago Bears,32,Chicago Bears,Tagovailoa,MIA,302,Fields,CHI,178,Hill,MIA,143,9
"Nov 6, 2022",Carolina Panthers,21,Cincinnati Bengals,42,Cincinnati Bengals,Burrow,CIN,206,Mixon,CIN,153,Higgins,CIN,60,9
"Nov 6, 2022",Green Bay Packers,9,Detroit Lions,15,Detroit Lions,Rodgers,GNB,291,Williams,DET,81,Lazard,GNB,87,9
"Nov 6, 2022",Las Vegas Raiders,20,Jacksonville Jaguars,27,Jacksonville Jaguars,Carr,LVR,259,Etienne,JAX,109,Adams,LVR,146,9
"Nov 6, 2022",Indianapolis Colts,3,New England Patriots,26,New England Patriots,Jones,NWE,147,Stevenson,NWE,60,Henry,NWE,50,9
"Nov 6, 2022",Buffalo Bills,17,New York Jets,20,New York Jets,Allen,BUF,205,Allen,BUF,86,Diggs,BUF,93,9
"Nov 6, 2022",Minnesota Vikings,20,Washington Commanders,17,Washington Commanders,Cousins,MIN,265,Cook,MIN,47,Jefferson,MIN,115,9
"Nov 6, 2022",Seattle Seahawks,31,Arizona Cardinals,21,Arizona Cardinals,Smith,SEA,275,Walker,SEA,109,Fant,SEA,96,9
"Nov 6, 2022",Los Angeles Rams,13,Tampa Bay Buccaneers,16,Tampa Bay Buccaneers,Brady,TAM,280,Henderson,LAR,56,Kupp,LAR,127,9
"Nov 6, 2022",Tennessee Titans,17,Kansas City Chiefs,20,Kansas City Chiefs,Mahomes,KAN,446,Henry,TEN,115,Kelce,KAN,106,9
"Nov 7, 2022",Baltimore Ravens,27,New Orleans Saints,13,New Orleans Saints,Dalton,NOR,210,Drake,BAL,93,Olave,NOR,71,9
"Nov 10, 2022",Atlanta Falcons,15,Carolina Panthers,25,Carolina Panthers,Mariota,ATL,186,Foreman,CAR,130,Byrd,ATL,58,10
"Nov 13, 2022",Seattle Seahawks,16,Tampa Bay Buccaneers,21,Tampa Bay Buccaneers,Smith,SEA,275,White,TAM,105,2 tied,N/A,71,10
"Nov 13, 2022",Minnesota Vikings,33,Buffalo Bills,30,Buffalo Bills,Cousins,MIN,357,Cook,MIN,119,Jefferson,MIN,193,10
"Nov 13, 2022",Detroit Lions,31,Chicago Bears,30,Chicago Bears,Goff,DET,236,Fields,CHI,147,St. Brown,DET,119,10
"Nov 13, 2022",Jacksonville Jaguars,17,Kansas City Chiefs,27,Kansas City Chiefs,Mahomes,KAN,331,Pacheco,KAN,82,Kirk,JAX,105,10
"Nov 13, 2022",Cleveland Browns,17,Miami Dolphins,39,Miami Dolphins,Tagovailoa,MIA,285,Wilson,MIA,119,Peoples,Jones,99,10
"Nov 13, 2022",Houston Texans,16,New York Giants,24,New York Giants,Mills,HOU,319,Barkley,NYG,152,Slayton,NYG,95,10
"Nov 13, 2022",Denver Broncos,10,Tennessee Titans,17,Tennessee Titans,Wilson,DEN,286,Henry,TEN,53,Westbrook,Ikhine,119,10
"Nov 13, 2022",New Orleans Saints,10,Pittsburgh Steelers,20,Pittsburgh Steelers,Pickett,PIT,199,Harris,PIT,99,Johnson,PIT,63,10
"Nov 13, 2022",Indianapolis Colts,25,Las Vegas Raiders,20,Las Vegas Raiders,Carr,LVR,248,Taylor,IND,147,Adams,LVR,126,10
"Nov 13, 2022",Dallas Cowboys,28,Green Bay Packers,31,Green Bay Packers,Prescott,DAL,265,Jones,GNB,138,Lamb,DAL,150,10
"Nov 13, 2022",Arizona Cardinals,27,Los Angeles Rams,17,Los Angeles Rams,McCoy,ARI,238,Conner,ARI,69,Hopkins,ARI,98,10
"Nov 13, 2022",Los Angeles Chargers,16,San Francisco 49ers,22,San Francisco 49ers,Garoppolo,SFO,240,Mitchell,SFO,89,Aiyuk,SFO,84,10
"Nov 14, 2022",Washington Commanders,32,Philadelphia Eagles,21,Philadelphia Eagles,Heinicke,WAS,211,Robinson,WAS,86,McLaurin,WAS,128,10
"Nov 17, 2022",Tennessee Titans,27,Green Bay Packers,17,Green Bay Packers,Tannehill,TEN,333,Henry,TEN,87,Burks,TEN,111,11
"Nov 20, 2022",Chicago Bears,24,Atlanta Falcons,27,Atlanta Falcons,Fields,CHI,153,Fields,CHI,85,Montgomery,CHI,54,11
"Nov 20, 2022",Cleveland Browns,23,Buffalo Bills,31,Buffalo Bills,Brissett,CLE,324,2 tied,N/A,86,Cooper,CLE,113,11
"Nov 20, 2022",Philadelphia Eagles,17,Indianapolis Colts,16,Indianapolis Colts,Ryan,IND,213,Hurts,PHI,86,Smith,PHI,78,11
"Nov 20, 2022",Washington Commanders,23,Houston Texans,10,Houston Texans,Heinicke,WAS,191,Gibson,WAS,72,Cooks,HOU,70,11
"Nov 20, 2022",Los Angeles Rams,20,New Orleans Saints,27,New Orleans Saints,Dalton,NOR,260,Akers,LAR,61,Olave,NOR,102,11
"Nov 20, 2022",New York Jets,3,New England Patriots,10,New England Patriots,Jones,NWE,246,Harris,NWE,65,Stevenson,NWE,56,11
"Nov 20, 2022",Detroit Lions,31,New York Giants,18,New York Giants,Jones,NYG,341,Jackson,DET,66,Robinson,NYG,100,11
"Nov 20, 2022",Carolina Panthers,3,Baltimore Ravens,13,Baltimore Ravens,Jackson,BAL,209,Drake,BAL,46,Robinson,BAL,128,11
"Nov 20, 2022",Las Vegas Raiders,22,Denver Broncos,16,Denver Broncos,Carr,LVR,307,Jacobs,LVR,109,Adams,LVR,141,11
"Nov 20, 2022",Dallas Cowboys,40,Minnesota Vikings,3,Minnesota Vikings,Prescott,DAL,276,Pollard,DAL,80,Pollard,DAL,109,11
"Nov 20, 2022",Cincinnati Bengals,37,Pittsburgh Steelers,30,Pittsburgh Steelers,Burrow,CIN,355,Harris,PIT,90,Higgins,CIN,148,11
"Nov 20, 2022",Kansas City Chiefs,30,Los Angeles Chargers,27,Los Angeles Chargers,Mahomes,KAN,329,Pacheco,KAN,107,Kelce,KAN,115,11
"Nov 21, 2022",San Francisco 49ers,38,Arizona Cardinals,10,Arizona Cardinals,Garoppolo,SFO,228,Mitchell,SFO,59,Dortch,ARI,103,11
"Nov 24, 2022",Buffalo Bills,28,Detroit Lions,25,Detroit Lions,Allen,BUF,253,Allen,BUF,78,St. Brown,DET,122,12
"Nov 24, 2022",New York Giants,20,Dallas Cowboys,28,Dallas Cowboys,Prescott,DAL,261,Elliott,DAL,92,Lamb,DAL,106,12
"Nov 24, 2022",New England Patriots,26,Minnesota Vikings,33,Minnesota Vikings,Jones,NWE,382,Cook,MIN,42,Jefferson,MIN,139,12
"Nov 27, 2022",Denver Broncos,10,Carolina Panthers,23,Carolina Panthers,Darnold,CAR,164,Foreman,CAR,113,Moore,CAR,103,12
"Nov 27, 2022",Tampa Bay Buccaneers,17,Cleveland Browns,23,Cleveland Browns,Brady,TAM,246,Chubb,CLE,116,Godwin,TAM,110,12
"Nov 27, 2022",Baltimore Ravens,27,Jacksonville Jaguars,28,Jacksonville Jaguars,Lawrence,JAX,321,Jackson,BAL,89,Jones,JAX,145,12
"Nov 27, 2022",Houston Texans,15,Miami Dolphins,30,Miami Dolphins,Tagovailoa,MIA,299,Wilson,MIA,39,2 tied,N/A,85,12
"Nov 27, 2022",Chicago Bears,10,New York Jets,31,New York Jets,White,NYJ,315,Montgomery,CHI,79,Wilson,NYJ,95,12
"Nov 27, 2022",Cincinnati Bengals,20,Tennessee Titans,16,Tennessee Titans,Tannehill,TEN,291,Perine,CIN,58,Higgins,CIN,114,12
"Nov 27, 2022",Atlanta Falcons,13,Washington Commanders,19,Washington Commanders,Mariota,ATL,174,Robinson,WAS,105,Zaccheaus,ATL,91,12
"Nov 27, 2022",Los Angeles Chargers,25,Arizona Cardinals,24,Arizona Cardinals,Herbert,LAC,274,Conner,ARI,120,Hopkins,ARI,87,12
"Nov 27, 2022",Las Vegas Raiders,40,Seattle Seahawks,34,Seattle Seahawks,Smith,SEA,328,Jacobs,LVR,229,Metcalf,SEA,90,12
"Nov 27, 2022",Los Angeles Rams,10,Kansas City Chiefs,26,Kansas City Chiefs,Mahomes,KAN,320,Pacheco,KAN,69,Kelce,KAN,57,12
"Nov 27, 2022",New Orleans Saints,0,San Francisco 49ers,13,San Francisco 49ers,Garoppolo,SFO,222,Mitchell,SFO,35,Aiyuk,SFO,65,12
"Nov 27, 2022",Green Bay Packers,33,Philadelphia Eagles,40,Philadelphia Eagles,Hurts,PHI,153,Hurts,PHI,157,Watson,GNB,110,12
"Nov 28, 2022",Pittsburgh Steelers,24,Indianapolis Colts,17,Indianapolis Colts,Ryan,IND,199,Taylor,IND,86,Woods,IND,98,12
"Dec 1, 2022",Buffalo Bills,24,New England Patriots,10,New England Patriots,Allen,BUF,223,Cook,BUF,64,Diggs,BUF,92,13
"Dec 4, 2022",Pittsburgh Steelers,19,Atlanta Falcons,16,Atlanta Falcons,Pickett,PIT,197,Harris,PIT,86,London,ATL,95,13
"Dec 4, 2022",Green Bay Packers,28,Chicago Bears,19,Chicago Bears,Fields,CHI,254,Dillon,GNB,93,St. Brown,CHI,85,13
"Dec 4, 2022",Jacksonville Jaguars,14,Detroit Lions,40,Detroit Lions,Goff,DET,340,Swift,DET,62,St. Brown,DET,114,13
"Dec 4, 2022",Cleveland Browns,27,Houston Texans,14,Houston Texans,Allen,HOU,201,Chubb,CLE,80,2 tied,N/A,46,13
"Dec 4, 2022",New York Jets,22,Minnesota Vikings,27,Minnesota Vikings,White,NYJ,369,Knight,NYJ,90,Wilson,NYJ,162,13
"Dec 4, 2022",Washington Commanders,20,New York Giants,20,New York Giants,Heinicke,WAS,275,Robinson,WAS,96,McLaurin,WAS,105,13
"Dec 4, 2022",Tennessee Titans,10,Philadelphia Eagles,35,Philadelphia Eagles,Hurts,PHI,380,Tannehill,TEN,34,Brown,PHI,119,13
"Dec 4, 2022",Denver Broncos,9,Baltimore Ravens,10,Baltimore Ravens,Wilson,DEN,189,Murray,DEN,47,Dulcich,DEN,85,13
"Dec 4, 2022",Seattle Seahawks,27,Los Angeles Rams,23,Los Angeles Rams,Smith,SEA,367,Akers,LAR,60,Lockett,SEA,128,13
"Dec 4, 2022",Miami Dolphins,17,San Francisco 49ers,33,San Francisco 49ers,Tagovailoa,MIA,295,McCaffrey,SFO,66,Hill,MIA,146,13
"Dec 4, 2022",Kansas City Chiefs,24,Cincinnati Bengals,27,Cincinnati Bengals,Burrow,CIN,286,Perine,CIN,106,Chase,CIN,97,13
"Dec 4, 2022",Los Angeles Chargers,20,Las Vegas Raiders,27,Las Vegas Raiders,Herbert,LAC,335,Jacobs,LVR,144,Adams,LVR,177,13
"Dec 4, 2022",Indianapolis Colts,19,Dallas Cowboys,54,Dallas Cowboys,Ryan,IND,233,Pollard,DAL,91,Pierce,IND,86,13
"Dec 5, 2022",New Orleans Saints,16,Tampa Bay Buccaneers,17,Tampa Bay Buccaneers,Brady,TAM,281,Fournette,TAM,49,Shaheed,NOR,75,13
"Dec 8, 2022",Las Vegas Raiders,16,Los Angeles Rams,17,Los Angeles Rams,Mayfield,LAR,230,Jacobs,LVR,99,Skowronek,LAR,89,14
"Dec 11, 2022",New York Jets,12,Buffalo Bills,20,Buffalo Bills,White,NYJ,268,Knight,NYJ,71,Wilson,NYJ,78,14
"Dec 11, 2022",Cleveland Browns,10,Cincinnati Bengals,23,Cincinnati Bengals,Watson,CLE,276,Mixon,CIN,96,Chase,CIN,119,14
"Dec 11, 2022",Houston Texans,23,Dallas Cowboys,27,Dallas Cowboys,Prescott,DAL,284,Pierce,HOU,78,Moore,HOU,124,14
"Dec 11, 2022",Minnesota Vikings,23,Detroit Lions,34,Detroit Lions,Cousins,MIN,425,Moore,DET,42,Jefferson,MIN,223,14
"Dec 11, 2022",Philadelphia Eagles,48,New York Giants,22,New York Giants,Hurts,PHI,217,Sanders,PHI,144,Brown,PHI,70,14
"Dec 11, 2022",Jacksonville Jaguars,36,Tennessee Titans,22,Tennessee Titans,Lawrence,JAX,368,Henry,TEN,121,Engram,JAX,162,14
"Dec 11, 2022",Baltimore Ravens,16,Pittsburgh Steelers,14,Pittsburgh Steelers,Trubisky,PIT,276,Dobbins,BAL,120,Johnson,PIT,82,14
"Dec 11, 2022",Kansas City Chiefs,34,Denver Broncos,28,Denver Broncos,Mahomes,KAN,352,Pacheco,KAN,70,McKinnon,KAN,112,14
"Dec 11, 2022",Carolina Panthers,30,Seattle Seahawks,24,Seattle Seahawks,Smith,SEA,264,2 tied,N/A,74,Goodwin,SEA,95,14
"Dec 11, 2022",Tampa Bay Buccaneers,7,San Francisco 49ers,35,San Francisco 49ers,Brady,TAM,253,McCaffrey,SFO,119,Aiyuk,SFO,57,14
"Dec 11, 2022",Miami Dolphins,17,Los Angeles Chargers,23,Los Angeles Chargers,Herbert,LAC,367,Ekeler,LAC,45,Williams,LAC,116,14
"Dec 12, 2022",New England Patriots,27,Arizona Cardinals,13,Arizona Cardinals,McCoy,ARI,246,Conner,ARI,85,Hopkins,ARI,79,14
"Dec 15, 2022",San Francisco 49ers,21,Seattle Seahawks,13,Seattle Seahawks,Smith,SEA,238,McCaffrey,SFO,108,Kittle,SFO,93,15
"Dec 17, 2022",Indianapolis Colts,36,Minnesota Vikings,39,Minnesota Vikings,Cousins,MIN,460,Cook,MIN,95,Osborn,MIN,157,15
"Dec 17, 2022",Baltimore Ravens,3,Cleveland Browns,13,Cleveland Browns,Watson,CLE,161,Dobbins,BAL,125,Cooper,CLE,58,15
"Dec 17, 2022",Miami Dolphins,29,Buffalo Bills,32,Buffalo Bills,Allen,BUF,304,Mostert,MIA,136,Waddle,MIA,114,15
"Dec 18, 2022",Pittsburgh Steelers,24,Carolina Panthers,16,Carolina Panthers,Darnold,CAR,225,Harris,PIT,86,Johnson,PIT,98,15
"Dec 18, 2022",Philadelphia Eagles,25,Chicago Bears,20,Chicago Bears,Hurts,PHI,315,Fields,CHI,95,Brown,PHI,181,15
"Dec 18, 2022",Kansas City Chiefs,30,Houston Texans,24,Houston Texans,Mahomes,KAN,336,Pacheco,KAN,86,Kelce,KAN,105,15
"Dec 18, 2022",Dallas Cowboys,34,Jacksonville Jaguars,40,Jacksonville Jaguars,Lawrence,JAX,318,Etienne,JAX,103,Lamb,DAL,126,15
"Dec 18, 2022",Atlanta Falcons,18,New Orleans Saints,21,New Orleans Saints,Dalton,NOR,151,Allgeier,ATL,139,Shaheed,NOR,95,15
"Dec 18, 2022",Detroit Lions,20,New York Jets,17,New York Jets,Wilson,NYJ,317,Swift,DET,52,Wilson,NYJ,98,15
"Dec 18, 2022",Arizona Cardinals,15,Denver Broncos,24,Denver Broncos,Rypien,DEN,197,Murray,DEN,130,Jeudy,DEN,76,15
"Dec 18, 2022",New England Patriots,24,Las Vegas Raiders,30,Las Vegas Raiders,Carr,LVR,231,Stevenson,NWE,172,Cole,LVR,50,15
"Dec 18, 2022",Tennessee Titans,14,Los Angeles Chargers,17,Los Angeles Chargers,Herbert,LAC,313,Henry,TEN,104,Allen,LAC,86,15
"Dec 18, 2022",Cincinnati Bengals,34,Tampa Bay Buccaneers,23,Tampa Bay Buccaneers,Brady,TAM,312,Fournette,TAM,44,2 tied,N/A,83,15
"Dec 18, 2022",New York Giants,20,Washington Commanders,12,Washington Commanders,Heinicke,WAS,249,Robinson,WAS,89,Dotson,WAS,105,15
"Dec 19, 2022",Los Angeles Rams,12,Green Bay Packers,24,Green Bay Packers,Rodgers,GNB,229,Jones,GNB,90,Doubs,GNB,55,15
"Dec 22, 2022",Jacksonville Jaguars,19,New York Jets,3,New York Jets,Lawrence,JAX,229,Etienne,JAX,83,Engram,JAX,113,16
"Dec 24, 2022",Detroit Lions,23,Carolina Panthers,37,Carolina Panthers,Goff,DET,355,Foreman,CAR,165,Chark,DET,108,16
"Dec 24, 2022",Buffalo Bills,35,Chicago Bears,13,Chicago Bears,Allen,BUF,172,Singletary,BUF,106,Jones,CHI,52,16
"Dec 24, 2022",New Orleans Saints,17,Cleveland Browns,10,Cleveland Browns,Watson,CLE,135,Chubb,CLE,92,Cooper,CLE,72,16
"Dec 24, 2022",Seattle Seahawks,10,Kansas City Chiefs,24,Kansas City Chiefs,Mahomes,KAN,224,Walker,SEA,107,Kelce,KAN,113,16
"Dec 24, 2022",New York Giants,24,Minnesota Vikings,27,Minnesota Vikings,Jones,NYG,334,Barkley,NYG,84,Jefferson,MIN,133,16
"Dec 24, 2022",Cincinnati Bengals,22,New England Patriots,18,New England Patriots,Burrow,CIN,375,Mixon,CIN,65,Higgins,CIN,128,16
"Dec 24, 2022",Houston Texans,19,Tennessee Titans,14,Tennessee Titans,Mills,HOU,178,Henry,TEN,126,Dorsett,HOU,45,16
"Dec 24, 2022",Atlanta Falcons,9,Baltimore Ravens,17,Baltimore Ravens,Ridder,ATL,218,Edwards,BAL,99,London,ATL,96,16
"Dec 24, 2022",Washington Commanders,20,San Francisco 49ers,37,San Francisco 49ers,Purdy,SFO,234,McCloud,SFO,71,Kittle,SFO,120,16
"Dec 24, 2022",Philadelphia Eagles,34,Dallas Cowboys,40,Dallas Cowboys,Minshew,PHI,355,Sanders,PHI,65,Lamb,DAL,120,16
"Dec 24, 2022",Las Vegas Raiders,10,Pittsburgh Steelers,13,Pittsburgh Steelers,Pickett,PIT,244,Harris,PIT,53,Freiermuth,PIT,66,16
"Dec 25, 2022",Green Bay Packers,26,Miami Dolphins,20,Miami Dolphins,Tagovailoa,MIA,310,Mostert,MIA,45,Waddle,MIA,143,16
"Dec 25, 2022",Denver Broncos,14,Los Angeles Rams,51,Los Angeles Rams,Mayfield,LAR,230,Akers,LAR,118,Jeudy,DEN,117,16
"Dec 25, 2022",Tampa Bay Buccaneers,19,Arizona Cardinals,16,Arizona Cardinals,Brady,TAM,281,Conner,ARI,79,Dortch,ARI,98,16
"Dec 26, 2022",Los Angeles Chargers,20,Indianapolis Colts,3,Indianapolis Colts,Herbert,LAC,235,Ekeler,LAC,67,Allen,LAC,104,16
"Dec 29, 2022",Dallas Cowboys,27,Tennessee Titans,13,Tennessee Titans,Prescott,DAL,282,Haskins,TEN,40,Lamb,DAL,100,17
"Jan 1, 2023",Arizona Cardinals,19,Atlanta Falcons,20,Atlanta Falcons,Blough,ARI,222,Allgeier,ATL,83,McBride,ARI,78,17
"Jan 1, 2023",Chicago Bears,10,Detroit Lions,41,Detroit Lions,Goff,DET,255,Williams,DET,144,St. Brown,DET,62,17
"Jan 1, 2023",Jacksonville Jaguars,31,Houston Texans,3,Houston Texans,Mills,HOU,202,Etienne,JAX,108,Jones,JAX,61,17
"Jan 1, 2023",Denver Broncos,24,Kansas City Chiefs,27,Kansas City Chiefs,Mahomes,KAN,328,Murray,DEN,56,Toney,KAN,71,17
"Jan 1, 2023",Miami Dolphins,21,New England Patriots,23,New England Patriots,Jones,NWE,204,Wilson,MIA,45,Mostert,MIA,62,17
"Jan 1, 2023",Indianapolis Colts,10,New York Giants,38,New York Giants,Jones,NYG,177,Jones,NYG,91,James,NYG,76,17
"Jan 1, 2023",New Orleans Saints,20,Philadelphia Eagles,10,Philadelphia Eagles,Minshew,PHI,274,Kamara,NOR,73,Smith,PHI,115,17
"Jan 1, 2023",Carolina Panthers,24,Tampa Bay Buccaneers,30,Tampa Bay Buccaneers,Brady,TAM,432,Foreman,CAR,35,Evans,TAM,207,17
"Jan 1, 2023",Cleveland Browns,24,Washington Commanders,10,Washington Commanders,Watson,CLE,169,Chubb,CLE,104,Cooper,CLE,105,17
"Jan 1, 2023",San Francisco 49ers,37,Las Vegas Raiders,34,Las Vegas Raiders,Stidham,LVR,365,McCaffrey,SFO,121,Adams,LVR,153,17
"Jan 1, 2023",New York Jets,6,Seattle Seahawks,23,Seattle Seahawks,White,NYJ,240,Walker,SEA,133,Conklin,NYJ,80,17
"Jan 1, 2023",Minnesota Vikings,17,Green Bay Packers,41,Green Bay Packers,Cousins,MIN,205,Jones,GNB,111,Nailor,MIN,89,17
"Jan 1, 2023",Los Angeles Rams,10,Los Angeles Chargers,31,Los Angeles Chargers,Herbert,LAC,212,Akers,LAR,123,Williams,LAC,94,17
"Jan 1, 2023",Pittsburgh Steelers,16,Baltimore Ravens,13,Baltimore Ravens,Pickett,PIT,168,Harris,PIT,111,Andrews,BAL,100,17
"Jan 7, 2023",Kansas City Chiefs,31,Las Vegas Raiders,13,Las Vegas Raiders,Stidham,LVR,219,Pacheco,KAN,64,Adams,LVR,73,18
"Jan 7, 2023",Tennessee Titans,16,Jacksonville Jaguars,20,Jacksonville Jaguars,Lawrence,JAX,212,Henry,TEN,109,Kirk,JAX,99,18
"Jan 8, 2023",Tampa Bay Buccaneers,17,Atlanta Falcons,30,Atlanta Falcons,Ridder,ATL,224,Allgeier,ATL,135,London,ATL,120,18
"Jan 8, 2023",New England Patriots,23,Buffalo Bills,35,Buffalo Bills,Allen,BUF,254,Stevenson,NWE,54,Diggs,BUF,104,18
"Jan 8, 2023",Minnesota Vikings,29,Chicago Bears,13,Chicago Bears,Cousins,MIN,225,Mattison,MIN,54,Osborn,MIN,117,18
"Jan 8, 2023",Baltimore Ravens,16,Cincinnati Bengals,27,Cincinnati Bengals,Brown,BAL,286,Drake,BAL,60,Likely,BAL,103,18
"Jan 8, 2023",Houston Texans,32,Indianapolis Colts,31,Indianapolis Colts,Mills,HOU,298,Moss,IND,114,Cooks,HOU,106,18
"Jan 8, 2023",New York Jets,6,Miami Dolphins,11,Miami Dolphins,Thompson,MIA,152,Wilson,MIA,72,Wilson,NYJ,89,18
"Jan 8, 2023",Carolina Panthers,10,New Orleans Saints,7,New Orleans Saints,Dalton,NOR,171,Kamara,NOR,107,Olave,NOR,60,18
"Jan 8, 2023",Cleveland Browns,14,Pittsburgh Steelers,28,Pittsburgh Steelers,Watson,CLE,230,Harris,PIT,80,Pickens,PIT,72,18
"Jan 8, 2023",Los Angeles Chargers,28,Denver Broncos,31,Denver Broncos,Wilson,DEN,283,Murray,DEN,103,Jeudy,DEN,154,18
"Jan 8, 2023",New York Giants,16,Philadelphia Eagles,22,Philadelphia Eagles,Hurts,PHI,229,Brightwell,NYG,60,Brown,PHI,95,18
"Jan 8, 2023",Los Angeles Rams,16,Seattle Seahawks,19,Seattle Seahawks,Smith,SEA,213,Walker,SEA,114,Jefferson,LAR,61,18
"Jan 8, 2023",Arizona Cardinals,13,San Francisco 49ers,38,San Francisco 49ers,Blough,ARI,180,Mitchell,SFO,55,Green,ARI,91,18
"Jan 8, 2023",Dallas Cowboys,6,Washington Commanders,26,Washington Commanders,Howell,WAS,169,Patterson,WAS,78,McLaurin,WAS,74,18
"Jan 8, 2023",Detroit Lions,20,Green Bay Packers,16,Green Bay Packers,Goff,DET,224,Williams,DET,72,Watson,GNB,104,18
