Pass Yds Player,Pass Yds Team,count,sum
Brady,TAM,14,4162
Mahomes,KAN,13,4341
Herbert,LAC,12,3483
Allen,BUF,12,3280
Smith,SEA,11,2962
Hurts,PHI,11,2942
Tagovailoa,MIA,9,2873
Burrow,CIN,9,2845
Cousins,MIN,9,2783
Goff,DET,9,2522
Lawrence,JAX,8,2279
Wilson,DEN,8,2080
Ryan,IND,7,1985
Mills,HOU,7,1696
Garoppolo,SFO,7,1685
Carr,LVR,6,1643
Prescott,DAL,6,1618
Murray,ARI,6,1596
Jones,NWE,6,1552
Brissett,CLE,6,1544
Rodgers,GNB,6,1473
Heinicke,WAS,6,1406
Dalton,NOR,6,1382
Watson,CLE,5,971
White,NYJ,4,1192
Wilson,NYJ,4,1134
Stafford,LAR,4,1087
Jones,NYG,4,1028
Rush,DAL,4,854
Pickett,PIT,4,808
Fields,CHI,4,771
Wentz,WAS,3,1009
Flacco,NYJ,3,901
Tannehill,TEN,3,890
Winston,NOR,3,858
Minshew,PHI,2,629
Stidham,LVR,2,584
Zappe,NWE,2,494
McCoy,ARI,2,484
Mayfield,LAR,2,460
Ridder,ATL,2,442
Rypien,DEN,2,422
Jackson,BAL,2,419
Blough,ARI,2,402
Darnold,CAR,2,389
Mariota,ATL,2,360
Bridgewater,MIA,1,329
Walker,CAR,1,317
Brown,BAL,1,286
Trubisky,PIT,1,276
Mayfield,CAR,1,235
Purdy,SFO,1,234
Allen,HOU,1,201
Howell,WAS,1,169
Lance,SFO,1,164
Thompson,MIA,1,152
